{
  "patients": {
    "r2": 0.9087292363179474,
    "rmse": 1.564494450928238
  },
  "beds": {
    "r2": 0.967522327737259,
    "rmse": 2.9428161433838853
  },
  "staff": {
    "r2": 0.887839789748884,
    "rmse": 3.644350622001893
  }
}