{
  "patients": {
    "r2": 0.7787435002145531,
    "rmse": 1.5246189678549666
  },
  "beds": {
    "r2": 0.8740212495415411,
    "rmse": 2.9088114266522327
  },
  "staff": {
    "r2": 0.8181294210022092,
    "rmse": 2.7817857156087356
  }
}